<?xml version="1.0" encoding="utf-8" standalone="yes" ?>
<rss version="2.0" xmlns:atom="http://www.w3.org/2005/Atom">
  <channel>
    <title>Verrues plantaires on Cryos</title>
    <link>http://www.cryos.com/categories/verrues-plantaires/</link>
    <description>Recent content in Verrues plantaires on Cryos</description>
    <generator>Hugo -- gohugo.io</generator>
    <language>en-us</language>
    <lastBuildDate>Tue, 28 Feb 2017 00:00:00 +0000</lastBuildDate>
    
	<atom:link href="http://www.cryos.com/categories/verrues-plantaires/index.xml" rel="self" type="application/rss+xml" />
    
    
    <item>
      <title>Les conseils d’un podiatre sur les traitements des verrues plantaires. - Cryos Technologies</title>
      <link>http://www.cryos.com/conseils-dun-podiatre-traitements-pour-vos-verrues-plantaires/</link>
      <pubDate>Tue, 28 Feb 2017 00:00:00 +0000</pubDate>
      
      <guid>http://www.cryos.com/conseils-dun-podiatre-traitements-pour-vos-verrues-plantaires/</guid>
      <description>Les verrues plantaires peuvent être soignées efficacement par des traitements podiatriques. Découvrez les différentes approches ainsi que les conseils d’un podiatre pour les prévenir et les traiter.
Les causes des verrues plantaires. Une verrue plantaire est considérée comme une lésion cutanée bénigne causée par un virus (VPH). Cette lésion apparait fréquemment sur la plante des pieds, dont le talon ou les orteils, suite à une exposition au virus. Bien qu’elles ne soient pas dangereuses, les verrues plantaires sont contagieuses et peuvent se multiplier.</description>
    </item>
    
  </channel>
</rss>