<?xml version="1.0" encoding="utf-8" standalone="yes" ?>
<rss version="2.0" xmlns:atom="http://www.w3.org/2005/Atom">
  <channel>
    <title>Sport d&#39;hiver on Cryos</title>
    <link>http://www.cryos.com/categories/sport-dhiver/</link>
    <description>Recent content in Sport d&#39;hiver on Cryos</description>
    <generator>Hugo -- gohugo.io</generator>
    <language>en-us</language>
    <lastBuildDate>Fri, 10 Feb 2017 00:00:00 +0000</lastBuildDate>
    
	<atom:link href="http://www.cryos.com/categories/sport-dhiver/index.xml" rel="self" type="application/rss+xml" />
    
    
    <item>
      <title>Est-ce que une othèse plantaire peut être portée dans un patin? - Cryos Technologies</title>
      <link>http://www.cryos.com/un-sportif-devrait-il-porter-une-orthese-plantaire-sur-mesure-dans-ses-patins/</link>
      <pubDate>Fri, 10 Feb 2017 00:00:00 +0000</pubDate>
      
      <guid>http://www.cryos.com/un-sportif-devrait-il-porter-une-orthese-plantaire-sur-mesure-dans-ses-patins/</guid>
      <description>Les risques de blessures sont présents dans les sports de glace. Que ce soit au hockey ou en patinage artistique, le port d’orthèse plantaire sur mesure favorise une démarche sportive adéquate en plus de soulager les blessures existantes. Puisque le pied est à la base même de chaque mouvement de patins, l’intervention d’un podiatre s’avère bénéfique pour la performance et le confort du sportif. Pour quelles raisons un sportif doit-il consulter un podiatre?</description>
    </item>
    
  </channel>
</rss>