<?xml version="1.0" encoding="utf-8" standalone="yes" ?>
<rss version="2.0" xmlns:atom="http://www.w3.org/2005/Atom">
  <channel>
    <title>Biomécanique on Cryos</title>
    <link>http://www.cryos.com/categories/biomecanique/</link>
    <description>Recent content in Biomécanique on Cryos</description>
    <generator>Hugo -- gohugo.io</generator>
    <language>en-us</language>
    <lastBuildDate>Sat, 29 Apr 2017 00:00:00 +0000</lastBuildDate>
    
	<atom:link href="http://www.cryos.com/categories/biomecanique/index.xml" rel="self" type="application/rss+xml" />
    
    
    <item>
      <title>Évaluation posturale par Imagerie - Cryos Technologies</title>
      <link>http://www.cryos.com/lefficacite-de-lanalyse-posturale-en-cas-de-douleurs-physiques/</link>
      <pubDate>Sat, 29 Apr 2017 00:00:00 +0000</pubDate>
      
      <guid>http://www.cryos.com/lefficacite-de-lanalyse-posturale-en-cas-de-douleurs-physiques/</guid>
      <description>Les professionnels de la santé utilisent les systèmes d’imagerie pour diverses raisons médicales. Selon l’approche préconisée, certains podiatres ont recours à l’imagerie, afin de mieux évaluer et de mesurer les problèmes posturaux et biomécaniques. Cette technologie permet aux patients de comprendre la mécanique de leurs maux et leurs impacts sur la posture.
Qu’est-ce que l’imagerie posturale? L’imagerie posturale est un outil de mesure aidant les diagnostics, à l’aide de données objectives fournies en temps réel.</description>
    </item>
    
  </channel>
</rss>