<?xml version="1.0" encoding="utf-8" standalone="yes" ?>
<rss version="2.0" xmlns:atom="http://www.w3.org/2005/Atom">
  <channel>
    <title>Alice on Cryos</title>
    <link>http://localhost:8000/authors/alice/</link>
    <description>Recent content in Alice on Cryos</description>
    <generator>Hugo -- gohugo.io</generator>
    <language>en-us</language>
    
	<atom:link href="http://localhost:8000/authors/alice/index.xml" rel="self" type="application/rss+xml" />
    
    
    <item>
      <title>L&#39;efficacité de l&#39;analyse posturale en cas de douleurs physiques</title>
      <link>http://localhost:8000/lefficacite-de-lanalyse-posturale-en-cas-de-douleurs-physiques/</link>
      <pubDate>Mon, 01 Jan 0001 00:00:00 +0000</pubDate>
      
      <guid>http://localhost:8000/lefficacite-de-lanalyse-posturale-en-cas-de-douleurs-physiques/</guid>
      <description>Pourquoi consulter un podiatre en cas de douleurs reliées à la posture?
Le podiatre établit un plan de traitement pour remédier aux douleurs reliées à une anomalie posturale ou biomécanique. Lorsqu’un mal perdure, il est appelé à contribuer au traitement prescrit par un autre professionnel de la santé. Son expertise devient alors un complément qui maximise les résultats et la guérison. Inversement, s’il le juge nécessaire, le podiatre recommandera à ses patients de consulter un physiothérapeute, un ostéopathe, un chiropraticien, un massothérapeute, etc.</description>
    </item>
    
  </channel>
</rss>