<?xml version="1.0" encoding="utf-8" standalone="yes" ?>
<rss version="2.0" xmlns:atom="http://www.w3.org/2005/Atom">
  <channel>
    <title>Fasciite plantaire on Cryos</title>
    <link>http://www.cryos.com/categories/fasciite-plantaire/</link>
    <description>Recent content in Fasciite plantaire on Cryos</description>
    <generator>Hugo -- gohugo.io</generator>
    <language>en-us</language>
    <lastBuildDate>Tue, 14 Feb 2017 00:00:00 +0000</lastBuildDate>
    
	<atom:link href="http://www.cryos.com/categories/fasciite-plantaire/index.xml" rel="self" type="application/rss+xml" />
    
    
    <item>
      <title>La fasciite plantaire: symptômes, douleurs et traitements - Cryos Technologies</title>
      <link>http://www.cryos.com/fasciite-plantaire-quels-sont-les-symptomes-et-les-traitements-disponibles/</link>
      <pubDate>Tue, 14 Feb 2017 00:00:00 +0000</pubDate>
      
      <guid>http://www.cryos.com/fasciite-plantaire-quels-sont-les-symptomes-et-les-traitements-disponibles/</guid>
      <description>La fasciite plantaire est l’une des conditions inflammatoires les plus répandues au Québec. Les vives douleurs qu’elles provoquent (surtout un mal au talon) conduisent bon nombre de patients chez le podiatre. Il est important de comprendre que la fasciite plantaire est une inflammation du ligament fibreux, nommé fascia plantaire, ayant comme fonction le soutien de la voûte du pied.
Afin de nous informer sur le sujet, Dre. Marilyne Langlois, podiatre, nous livre de précieuses informations sur les douleurs liées à la fasciite plantaire.</description>
    </item>
    
  </channel>
</rss>