<?xml version="1.0" encoding="utf-8" standalone="yes" ?>
<rss version="2.0" xmlns:atom="http://www.w3.org/2005/Atom">
  <channel>
    <title>Ongles incarnés on Cryos</title>
    <link>http://www.cryos.com/categories/ongles-incarnes/</link>
    <description>Recent content in Ongles incarnés on Cryos</description>
    <generator>Hugo -- gohugo.io</generator>
    <language>en-us</language>
    <lastBuildDate>Sun, 19 Mar 2017 00:00:00 +0000</lastBuildDate>
    
	<atom:link href="http://www.cryos.com/categories/ongles-incarnes/index.xml" rel="self" type="application/rss+xml" />
    
    
    <item>
      <title>Ongles Incarnés, Causes et Traitements: Conseils de Podiatre - Cryos Technologies</title>
      <link>http://www.cryos.com/ongles-incarnes-causes-et-traitements-selon-un-podiatre/</link>
      <pubDate>Sun, 19 Mar 2017 00:00:00 +0000</pubDate>
      
      <guid>http://www.cryos.com/ongles-incarnes-causes-et-traitements-selon-un-podiatre/</guid>
      <description>Ayant de nombreuses causes, un ongle incarné survient souvent lorsque l’extrémité ou une partie de l’ongle pénètre dans la peau qui l’entoure, ce qui peut entrainer une rougeur, une enflure ou une infection à la partie touchée de l’orteil. Dès les premiers signes, il est recommandé de traiter rapidement cette affection afin d’éviter toutes complications éventuelles. Si vous souffrez d’un ongle incarné, consulter un podiatre vous permettra de bénéficier du traitement adéquat et d’éviter toutes récurrences.</description>
    </item>
    
  </channel>
</rss>