<?xml version="1.0" encoding="utf-8" standalone="yes" ?>
<rss version="2.0" xmlns:atom="http://www.w3.org/2005/Atom">
  <channel>
    <title>Oignons on Cryos</title>
    <link>http://www.cryos.com/categories/oignons/</link>
    <description>Recent content in Oignons on Cryos</description>
    <generator>Hugo -- gohugo.io</generator>
    <language>en-us</language>
    <lastBuildDate>Sun, 19 Feb 2017 00:00:00 +0000</lastBuildDate>
    
	<atom:link href="http://www.cryos.com/categories/oignons/index.xml" rel="self" type="application/rss+xml" />
    
    
    <item>
      <title>Traitements pour remédier aux hallux valgus (oignons au pied) - Cryos Technologies</title>
      <link>http://www.cryos.com/les-traitements-possibles-pour-remedier-a-lhallux-valgus-oignon-aux-pieds/</link>
      <pubDate>Sun, 19 Feb 2017 00:00:00 +0000</pubDate>
      
      <guid>http://www.cryos.com/les-traitements-possibles-pour-remedier-a-lhallux-valgus-oignon-aux-pieds/</guid>
      <description>L’oignon au pied, connu sous le terme médical hallux valgus, provient d’une déviation osseuse du premier métatarse étant reliée à une faiblesse biomécanique. L’oignon entraîne une déviation du gros orteil vers les autres occasionnant ainsi un élancement intra-articulaire et une douleur à long terme. Les personnes souffrant d’un hallux valgus peuvent avoir recours à différents traitements podiatriques afin d’améliorer leur condition.
Quels sont les inconvénients d’un oignon au pied? Cette malformation osseuse crée une bosse externe sur le pied et mène à des douleurs ponctuelles ou permanentes selon le cas du patient.</description>
    </item>
    
  </channel>
</rss>