<?xml version="1.0" encoding="utf-8" standalone="yes" ?>
<rss version="2.0" xmlns:atom="http://www.w3.org/2005/Atom">
  <channel>
    <title>Categories on Cryos</title>
    <link>http://www.cryos.com/categories/</link>
    <description>Recent content in Categories on Cryos</description>
    <generator>Hugo -- gohugo.io</generator>
    <language>en-us</language>
    <lastBuildDate>Sat, 29 Apr 2017 00:00:00 +0000</lastBuildDate>
    
	<atom:link href="http://www.cryos.com/categories/index.xml" rel="self" type="application/rss+xml" />
    
    
    <item>
      <title>Biomécanique</title>
      <link>http://www.cryos.com/categories/biomecanique/</link>
      <pubDate>Sat, 29 Apr 2017 00:00:00 +0000</pubDate>
      
      <guid>http://www.cryos.com/categories/biomecanique/</guid>
      <description></description>
    </item>
    
    <item>
      <title>Blessures sportives</title>
      <link>http://www.cryos.com/categories/blessures-sportives/</link>
      <pubDate>Tue, 02 May 2017 00:00:00 +0000</pubDate>
      
      <guid>http://www.cryos.com/categories/blessures-sportives/</guid>
      <description></description>
    </item>
    
    <item>
      <title>Chirurgie des pieds</title>
      <link>http://www.cryos.com/categories/chirurgie-des-pieds/</link>
      <pubDate>Mon, 17 Apr 2017 00:00:00 +0000</pubDate>
      
      <guid>http://www.cryos.com/categories/chirurgie-des-pieds/</guid>
      <description></description>
    </item>
    
    <item>
      <title>Douleur aux pieds</title>
      <link>http://www.cryos.com/categories/douleur-aux-pieds/</link>
      <pubDate>Tue, 02 May 2017 00:00:00 +0000</pubDate>
      
      <guid>http://www.cryos.com/categories/douleur-aux-pieds/</guid>
      <description></description>
    </item>
    
    <item>
      <title>Epine de Lenoir</title>
      <link>http://www.cryos.com/categories/epine-de-lenoir/</link>
      <pubDate>Tue, 14 Feb 2017 00:00:00 +0000</pubDate>
      
      <guid>http://www.cryos.com/categories/epine-de-lenoir/</guid>
      <description></description>
    </item>
    
    <item>
      <title>Fasciite plantaire</title>
      <link>http://www.cryos.com/categories/fasciite-plantaire/</link>
      <pubDate>Tue, 14 Feb 2017 00:00:00 +0000</pubDate>
      
      <guid>http://www.cryos.com/categories/fasciite-plantaire/</guid>
      <description></description>
    </item>
    
    <item>
      <title>Oignons</title>
      <link>http://www.cryos.com/categories/oignons/</link>
      <pubDate>Sun, 19 Feb 2017 00:00:00 +0000</pubDate>
      
      <guid>http://www.cryos.com/categories/oignons/</guid>
      <description></description>
    </item>
    
    <item>
      <title>Ongles incarnés</title>
      <link>http://www.cryos.com/categories/ongles-incarnes/</link>
      <pubDate>Sun, 19 Mar 2017 00:00:00 +0000</pubDate>
      
      <guid>http://www.cryos.com/categories/ongles-incarnes/</guid>
      <description></description>
    </item>
    
    <item>
      <title>Orthèses plantaires</title>
      <link>http://www.cryos.com/categories/ortheses-plantaires/</link>
      <pubDate>Wed, 10 May 2017 00:00:00 +0000</pubDate>
      
      <guid>http://www.cryos.com/categories/ortheses-plantaires/</guid>
      <description></description>
    </item>
    
    <item>
      <title>Pieds plats</title>
      <link>http://www.cryos.com/categories/pieds-plats/</link>
      <pubDate>Sun, 23 Apr 2017 00:00:00 +0000</pubDate>
      
      <guid>http://www.cryos.com/categories/pieds-plats/</guid>
      <description></description>
    </item>
    
    <item>
      <title>Posture</title>
      <link>http://www.cryos.com/categories/posture/</link>
      <pubDate>Sat, 29 Apr 2017 00:00:00 +0000</pubDate>
      
      <guid>http://www.cryos.com/categories/posture/</guid>
      <description></description>
    </item>
    
    <item>
      <title>Santé du pied chez l&#39;enfant</title>
      <link>http://www.cryos.com/categories/sante-du-pied-chez-lenfant/</link>
      <pubDate>Tue, 24 Jan 2017 00:00:00 +0000</pubDate>
      
      <guid>http://www.cryos.com/categories/sante-du-pied-chez-lenfant/</guid>
      <description></description>
    </item>
    
    <item>
      <title>Sport d&#39;hiver</title>
      <link>http://www.cryos.com/categories/sport-dhiver/</link>
      <pubDate>Fri, 10 Feb 2017 00:00:00 +0000</pubDate>
      
      <guid>http://www.cryos.com/categories/sport-dhiver/</guid>
      <description></description>
    </item>
    
    <item>
      <title>Sport d&#39;été</title>
      <link>http://www.cryos.com/categories/sport-dete/</link>
      <pubDate>Mon, 10 Apr 2017 00:00:00 +0000</pubDate>
      
      <guid>http://www.cryos.com/categories/sport-dete/</guid>
      <description></description>
    </item>
    
    <item>
      <title>Verrues plantaires</title>
      <link>http://www.cryos.com/categories/verrues-plantaires/</link>
      <pubDate>Tue, 28 Feb 2017 00:00:00 +0000</pubDate>
      
      <guid>http://www.cryos.com/categories/verrues-plantaires/</guid>
      <description></description>
    </item>
    
  </channel>
</rss>