<?xml version="1.0" encoding="utf-8" standalone="yes" ?>
<rss version="2.0" xmlns:atom="http://www.w3.org/2005/Atom">
  <channel>
    <title>Patients on Cryos</title>
    <link>http://www.cryos.com/patients/</link>
    <description>Recent content in Patients on Cryos</description>
    <generator>Hugo -- gohugo.io</generator>
    <language>en-us</language>
    
	<atom:link href="http://www.cryos.com/patients/index.xml" rel="self" type="application/rss+xml" />
    
    
    <item>
      <title>Cryos Technologies | Les réponses à vos questions</title>
      <link>http://www.cryos.com/patients/faq/</link>
      <pubDate>Mon, 01 Jan 0001 00:00:00 +0000</pubDate>
      
      <guid>http://www.cryos.com/patients/faq/</guid>
      <description></description>
    </item>
    
    <item>
      <title>Cryos Technologies | L’orthèse hautement adaptée à vos besoins</title>
      <link>http://www.cryos.com/patients/ortheses/</link>
      <pubDate>Mon, 01 Jan 0001 00:00:00 +0000</pubDate>
      
      <guid>http://www.cryos.com/patients/ortheses/</guid>
      <description></description>
    </item>
    
    <item>
      <title>Cryos Technologies | Orthèses Cryos dynamiques</title>
      <link>http://www.cryos.com/patients/cryovizion/</link>
      <pubDate>Mon, 01 Jan 0001 00:00:00 +0000</pubDate>
      
      <guid>http://www.cryos.com/patients/cryovizion/</guid>
      <description></description>
    </item>
    
  </channel>
</rss>